	sequence_id	Assembly	Domain	pH	cluster_id	genus	species	tax_cluster_id	len
0	GCA_000008665.1	GCA_000008665.1	Archaea	Alkaliphiles	Archaea_pH	Archaeoglobus	Archaeoglobus fulgidus	2234.0	100009
1	GCA_000011185.1	GCA_000011185.1	Archaea	Acidophiles	Archaea_pH	Thermoplasma	Thermoplasma volcanium	273116.0	100009
2	GCA_000012285.1	GCA_000012285.1	Archaea	Acidophiles	Archaea_pH	Sulfolobus	Sulfolobus acidocaldarius	2285.0	100009
3	GCA_000014185.1	GCA_000014185.1	Bacteria	Alkaliphiles	Bacteria_pH	Rubrobacter_B	Rubrobacter_B xylanophilus	266117.0	100009
4	GCA_000015025.1	GCA_000015025.1	Bacteria	Acidophiles	Bacteria_pH	Acidothermus	Acidothermus cellulolyticus	351607.0	100009
5	GCA_000018305.1	GCA_000018305.1	Archaea	Acidophiles	Archaea_pH	Caldivirga	Caldivirga maquilingensis	397948.0	100009
6	GCA_000018365.1	GCA_000018365.1	Archaea	Alkaliphiles	Archaea_pH	Thermococcus	Thermococcus onnurineus	523850.0	100009
7	GCA_000021485.1	GCA_000021485.1	Bacteria	Acidophiles	Bacteria_pH	Acidithiobacillus	Acidithiobacillus ferrooxidans	920.0	100009
8	GCA_000022485.1	GCA_000022485.1	Archaea	Acidophiles	Archaea_pH	Saccharolobus	Saccharolobus islandicus	425944.0	100009
9	GCA_000022565.1	GCA_000022565.1	Bacteria	Acidophiles	Bacteria_pH	Acidobacterium	Acidobacterium capsulatum	240015.0	100009
10	GCA_000024285.1	GCA_000024285.1	Bacteria	Acidophiles	Bacteria_pH	Alicyclobacillus	Alicyclobacillus acidocaldarius	521098.0	100009
11	GCA_000025625.1	GCA_000025625.1	Archaea	Alkaliphiles	Archaea_pH	Natrialba	Natrialba magadii	547559.0	100009
12	GCA_000025665.1	GCA_000025665.1	Archaea	Acidophiles	Archaea_pH	Aciduliprofundum	Aciduliprofundum boonei	439481.0	100009
13	GCA_000026045.1	GCA_000026045.1	Archaea	Alkaliphiles	Archaea_pH	Natronomonas	Natronomonas pharaonis	348780.0	100009
14	GCA_000092425.1	GCA_000092425.1	Bacteria	Alkaliphiles	Bacteria_pH	Truepera	Truepera radiovictrix	649638.0	100009
15	GCA_000144915.1	GCA_000144915.1	Archaea	Acidophiles	Archaea_pH	Acidilobus	Acidilobus saccharovorans	666510.0	100009
16	GCA_000145615.1	GCA_000145615.1	Bacteria	Acidophiles	Bacteria_pH	Thermoanaerobacterium	Thermoanaerobacterium thermosaccharolyticum	1517.0	100009
17	GCA_000148385.1	GCA_000148385.1	Archaea	Acidophiles	Archaea_pH	Vulcanisaeta	Vulcanisaeta distributa	572478.0	100009
18	GCA_000152265.2	GCA_000152265.2	Archaea	Acidophiles	Archaea_pH	Ferroplasma	Ferroplasma acidarmanus	333146.0	100009
19	GCA_000175575.2	GCA_000175575.2	Bacteria	Acidophiles	Bacteria_pH	Acidithiobacillus_A	Acidithiobacillus_A caldus	637389.0	100009
20	GCA_000183545.3	GCA_000183545.3	Bacteria	Alkaliphiles	Bacteria_pH	Thermaerobacter	Thermaerobacter subterraneus	867903.0	100009
21	GCA_000193375.1	GCA_000193375.1	Archaea	Acidophiles	Archaea_pH	Thermoproteus	Thermoproteus uzoniensis	999630.0	100009
22	GCA_000195575.1	GCA_000195575.1	Bacteria	Alkaliphiles	Bacteria_pH	Carnobacterium_A	Carnobacterium_A sp000195575	208596.0	100009
23	GCA_000195915.1	GCA_000195915.1	Archaea	Acidophiles	Archaea_pH	Thermoplasma	Thermoplasma acidophilum	273075.0	100009
24	GCA_000196895.1	GCA_000196895.1	Archaea	Alkaliphiles	Archaea_pH	Halalkalicoccus	Halalkalicoccus jeotgali	795797.0	100009
25	GCA_000202835.1	GCA_000202835.1	Bacteria	Acidophiles	Bacteria_pH	Acidiphilium	Acidiphilium multivorum	349163.0	100009
26	GCA_000204925.1	GCA_000204925.1	Archaea	Acidophiles	Archaea_pH	Metallosphaera	Metallosphaera cuprina	1006006.0	100009
27	GCA_000215995.1	GCA_000215995.1	Archaea	Acidophiles	Archaea_pH	Pyrococcus	Pyrococcus yayanosii	529709.0	100009
28	GCA_000217995.1	GCA_000217995.1	Archaea	Alkaliphiles	Archaea_pH	Methanosalsum	Methanosalsum zhilinae	679901.0	100009
29	GCA_000219875.1	GCA_000219875.1	Bacteria	Acidophiles	Bacteria_pH	Alicyclobacillus	Alicyclobacillus acidocaldarius_A	1048834.0	100009
30	GCA_000223395.1	GCA_000223395.1	Archaea	Acidophiles	Archaea_pH	Pyrolobus	Pyrolobus fumarii	694429.0	100009
31	GCA_000226295.1	GCA_000226295.1	Bacteria	Alkaliphiles	Bacteria_pH	Chloracidobacterium	Chloracidobacterium thermophilum	458033.0	100009
32	GCA_000230715.3	GCA_000230715.3	Archaea	Alkaliphiles	Archaea_pH	Natronobacterium	Natronobacterium gregoryi	797304.0	100009
33	GCA_000237975.1	GCA_000237975.1	Bacteria	Acidophiles	Bacteria_pH	Sulfobacillus_A	Sulfobacillus_A acidophilus	1051632.0	100009
34	GCA_000242595.3	GCA_000242595.3	Bacteria	Alkaliphiles	Bacteria_pH	Spirochaeta_B	Spirochaeta_B africana	889378.0	100009
35	GCA_000243315.1	GCA_000243315.1	Archaea	Acidophiles	Archaea_pH	Metallosphaera	Metallosphaera yellowstonensis	671065.0	100511
36	GCA_000253055.1	GCA_000253055.1	Archaea	Acidophiles	Archaea_pH	Thermoproteus	Thermoproteus tenax	768679.0	100009
37	GCA_000255115.3	GCA_000255115.3	Bacteria	Acidophiles	Bacteria_pH	Desulfosporosinus	Desulfosporosinus acidiphilus	646529.0	100009
38	GCA_000317795.1	GCA_000317795.1	Archaea	Acidophiles	Archaea_pH	Caldisphaera	Caldisphaera lagunensis	1056495.0	100009
39	GCA_000328685.1	GCA_000328685.1	Archaea	Alkaliphiles	Archaea_pH	Natronococcus	Natronococcus occultus	694430.0	100009
40	GCA_000336615.1	GCA_000336615.1	Archaea	Alkaliphiles	Archaea_pH	Haloarcula	Haloarcula amylolytica	1227452.0	100026
41	GCA_000336755.1	GCA_000336755.1	Archaea	Acidophiles	Archaea_pH	Haloferax	Haloferax elongans	1230453.0	100011
42	GCA_000336935.1	GCA_000336935.1	Archaea	Alkaliphiles	Archaea_pH	Halococcus	Halococcus salifodinae	1227456.0	100019
43	GCA_000337135.1	GCA_000337135.1	Archaea	Alkaliphiles	Archaea_pH	Natrialba	Natrialba chahannaoensis	1227492.0	100027
44	GCA_000337575.1	GCA_000337575.1	Archaea	Alkaliphiles	Archaea_pH	Natrialba	Natrialba hulunbeirensis	1227493.0	100017
45	GCA_000337675.1	GCA_000337675.1	Archaea	Alkaliphiles	Archaea_pH	Natronococcus	Natronococcus amylolyticus	1227497.0	100013
46	GCA_000337735.1	GCA_000337735.1	Archaea	Alkaliphiles	Archaea_pH	Natronorubrum	Natronorubrum sulfidifaciens	1230460.0	100017
47	GCA_000378345.1	GCA_000378345.1	Bacteria	Alkaliphiles	Bacteria_pH	Hirschia	Hirschia maritima	551275.0	100011
48	GCA_000383975.1	GCA_000383975.1	Archaea	Alkaliphiles	Archaea_pH	Natronorubrum	Natronorubrum tibetense	1114856.0	100009
49	GCA_000421625.1	GCA_000421625.1	Bacteria	Acidophiles	Bacteria_pH	Thermus	Thermus islandicus	1123389.0	100014
50	GCA_000423105.1	GCA_000423105.1	Bacteria	Alkaliphiles	Bacteria_pH	Halalkalibacillus	Halalkalibacillus halophilus	1121936.0	100011
51	GCA_000429525.1	GCA_000429525.1	Bacteria	Acidophiles	Bacteria_pH	Alicyclobacillus_A	Alicyclobacillus_A contaminans	1120971.0	100012
52	GCA_000430585.1	GCA_000430585.1	Bacteria	Acidophiles	Bacteria_pH	Alicyclobacillus_G	Alicyclobacillus_G herbarius	1120972.0	100011
53	GCA_000444055.1	GCA_000444055.1	Bacteria	Acidophiles	Bacteria_pH	Alicyclobacillus	Alicyclobacillus acidoterrestris	1450.0	100015
54	GCA_000455345.1	GCA_000455345.1	Archaea	Alkaliphiles	Archaea_pH	Halopiger_A	Halopiger_A goleimassiliensis	1293048.0	100009
55	GCA_000472905.1	GCA_000472905.1	Bacteria	Acidophiles	Bacteria_pH	Alicyclobacillus_A	Alicyclobacillus_A pomorum	1111479.0	100009
56	GCA_000508305.1	GCA_000508305.1	Archaea	Acidophiles	Archaea_pH	Sulfolobus	Sulfolobus acidocaldarius_A	2285.0	100009
57	GCA_000615945.1	GCA_000615945.1	Bacteria	Alkaliphiles	Bacteria_pH	Bacillus_AT	Bacillus_AT mannanilyticus	1236954.0	100012
58	GCA_000632495.1	GCA_000632495.1	Archaea	Acidophiles	Archaea_pH	Acidianus	Acidianus copahuensis	1160895.0	100015
59	GCA_000686525.1	GCA_000686525.1	Bacteria	Alkaliphiles	Bacteria_pH	Desulfonatronovibrio	Desulfonatronovibrio hydrogenovorans	1121413.0	100009
60	GCA_000687875.1	GCA_000687875.1	Bacteria	Acidophiles	Bacteria_pH	Acidocella	Acidocella facilis	1214225.0	100012
61	GCA_000688455.1	GCA_000688455.1	Bacteria	Acidophiles	Bacteria_pH	Acidobacterium_A	Acidobacterium_A ailaaui	1382359.0	100009
62	GCA_000711975.1	GCA_000711975.1	Bacteria	Alkaliphiles	Bacteria_pH	Desulfofalx	Desulfofalx alkaliphila	1121423.0	100011
63	GCA_000744825.1	GCA_000744825.1	Bacteria	Alkaliphiles	Bacteria_pH	Carnobacterium_A	Carnobacterium_A mobile	1449342.0	100009
64	GCA_000745905.1	GCA_000745905.1	Bacteria	Acidophiles	Bacteria_pH	Ferrimicrobium	Ferrimicrobium acidiphilum	1121877.0	100013
65	GCA_000819445.1	GCA_000819445.1	Bacteria	Alkaliphiles	Bacteria_pH	Corynebacterium	Corynebacterium humireducens	1223515.0	100009
66	GCA_000820505.1	GCA_000820505.1	Bacteria	Alkaliphiles	Bacteria_pH	Geoalkalibacter	Geoalkalibacter ferrihydriticus	1121915.0	100013
67	GCA_000833605.1	GCA_000833605.1	Bacteria	Alkaliphiles	Bacteria_pH	Anoxybacillus	Anoxybacillus ayderensis	265546.0	100013
68	GCA_000934745.1	GCA_000934745.1	Bacteria	Alkaliphiles	Bacteria_pH	Desulfonatronum	Desulfonatronum thioautotrophicum	617001.0	100011
69	GCA_000934755.1	GCA_000934755.1	Bacteria	Alkaliphiles	Bacteria_pH	Desulfonatronovibrio	Desulfonatronovibrio magnus	698827.0	101966
70	GCA_000949295.1	GCA_000949295.1	Bacteria	Acidophiles	Bacteria_pH	Acidithrix	Acidithrix ferrooxidans	1280514.0	100015
71	GCA_000953475.1	GCA_000953475.1	Bacteria	Acidophiles	Bacteria_pH	Methylacidiphilum	Methylacidiphilum fumariolicum	591154.0	100009
72	GCA_000968535.1	GCA_000968535.1	Bacteria	Alkaliphiles	Bacteria_pH	Methylotuvimicrobium	Methylotuvimicrobium alcaliphilum	1091494.0	100009
73	GCA_001029285.1	GCA_001029285.1	Bacteria	Acidophiles	Bacteria_pH	Desulfosporosinus	Desulfosporosinus acididurans	476652.0	100009
74	GCA_001029445.1	GCA_001029445.1	Bacteria	Alkaliphiles	Bacteria_pH	Photobacterium	Photobacterium aquae	1195763.0	100012
75	GCA_001280565.1	GCA_001280565.1	Bacteria	Acidophiles	Bacteria_pH	Sulfobacillus	Sulfobacillus thermosulfidooxidans_A	28034.0	100009
76	GCA_001399675.1	GCA_001399675.1	Bacteria	Acidophiles	Bacteria_pH	Alicyclobacillus_B	Alicyclobacillus_B ferrooxydans	471514.0	100009
77	GCA_001402945.1	GCA_001402945.1	Archaea	Acidophiles	Archaea_pH	Acidiplasma	Acidiplasma aeolicum	507754.0	100035
78	GCA_001447355.1	GCA_001447355.1	Bacteria	Acidophiles	Bacteria_pH	Alicyclobacillus	Alicyclobacillus tengchongensis	368812.0	100011
79	GCA_001543205.1	GCA_001543205.1	Bacteria	Alkaliphiles	Bacteria_pH	Aerococcus	Aerococcus urinaeequi	1120952.0	100009
80	GCA_001552255.1	GCA_001552255.1	Bacteria	Acidophiles	Bacteria_pH	Alicyclobacillus_G	Alicyclobacillus_G shizuokensis	1220573.0	100014
81	GCA_001552655.1	GCA_001552655.1	Bacteria	Acidophiles	Bacteria_pH	Alicyclobacillus_G	Alicyclobacillus_G kakegawensis	1220571.0	100012
82	GCA_001552675.1	GCA_001552675.1	Bacteria	Acidophiles	Bacteria_pH	Alicyclobacillus	Alicyclobacillus sendaiensis	1220572.0	100015
83	GCA_001570745.1	GCA_001570745.1	Bacteria	Acidophiles	Bacteria_pH	Alicyclobacillus	Alicyclobacillus mali	1314748.0	100016
84	GCA_001707885.1	GCA_001707885.1	Bacteria	Acidophiles	Bacteria_pH	Desulfosporosinus	Desulfosporosinus sp001707885	1633135.0	100013
85	GCA_001719125.1	GCA_001719125.1	Archaea	Acidophiles	Archaea_pH	Saccharolobus	Saccharolobus sp001719125	1891280.0	100009
86	GCA_001748385.1	GCA_001748385.1	Archaea	Acidophiles	Archaea_pH	Vulcanisaeta_B	Vulcanisaeta_B thermophila	867917.0	100009
87	GCA_001758465.1	GCA_001758465.1	Bacteria	Alkaliphiles	Bacteria_pH	Alteromonas	Alteromonas lipolytica	1856405.0	100009
88	GCA_001761365.1	GCA_001761365.1	Bacteria	Alkaliphiles	Bacteria_pH	Polaribacter	Polaribacter vadi	1774273.0	100009
89	GCA_001971705.1	GCA_001971705.1	Archaea	Alkaliphiles	Archaea_pH	Natronorubrum	Natronorubrum daqingense	588898.0	100009
90	GCA_001975665.1	GCA_001975665.1	Bacteria	Alkaliphiles	Bacteria_pH	Polaribacter	Polaribacter reichenbachii	996801.0	100009
91	GCA_002078355.1	GCA_002078355.1	Archaea	Acidophiles	Archaea_pH	Ferroplasma	Ferroplasma acidiphilum	74969.0	100009
92	GCA_002116695.1	GCA_002116695.1	Archaea	Acidophiles	Archaea_pH	Acidianus	Acidianus manzaensis	282676.0	100009
93	GCA_002153915.1	GCA_002153915.1	Archaea	Alkaliphiles	Archaea_pH	Methanonatronarchaeum	Methanonatronarchaeum thermophilum	1927129.0	100011
94	GCA_002156705.1	GCA_002156705.1	Archaea	Alkaliphiles	Archaea_pH	Natrarchaeobaculum	Natrarchaeobaculum aegyptiacum	745377.0	100009
95	GCA_002279355.1	GCA_002279355.1	Bacteria	Acidophiles	Bacteria_pH	Acidiphilium	Acidiphilium sp002279355	1970292.0	100013
96	GCA_002355395.1	GCA_002355395.1	Bacteria	Alkaliphiles	Bacteria_pH	Microcella	Microcella alkaliphila_A	279828.0	100009
97	GCA_002499975.2	GCA_002499975.2	Bacteria	Alkaliphiles	Bacteria_pH	Alteromonas	Alteromonas pelagimontana	1858656.0	100009
98	GCA_002806945.1	GCA_002806945.1	Bacteria	Alkaliphiles	Bacteria_pH	Marinobacter	Marinobacter salexigens	1925763.0	100013
99	GCA_002836945.1	GCA_002836945.1	Bacteria	Alkaliphiles	Bacteria_pH	Shewanella	Shewanella chilikensis	558541.0	100014
100	GCA_002836975.1	GCA_002836975.1	Bacteria	Alkaliphiles	Bacteria_pH	Shewanella	Shewanella indica	768528.0	100011
101	GCA_002952775.1	GCA_002952775.1	Archaea	Alkaliphiles	Archaea_pH	Halalkaliarchaeum	Halalkaliarchaeum desulfuricum	2055893.0	100009
102	GCA_002966495.1	GCA_002966495.1	Bacteria	Alkaliphiles	Bacteria_pH	Halomonas	Halomonas sp002966495	1118153.0	100009
103	GCA_003023695.1	GCA_003023695.1	Bacteria	Acidophiles	Bacteria_pH	Sulfobacillus_C	Sulfobacillus_C benefaciens_A	453960.0	100198
104	GCA_003023725.1	GCA_003023725.1	Bacteria	Acidophiles	Bacteria_pH	Sulfobacillus	Sulfobacillus benefaciens_A	453960.0	100077
105	GCA_003025595.1	GCA_003025595.1	Bacteria	Alkaliphiles	Bacteria_pH	Photobacterium	Photobacterium ganghwense	320778.0	100009
106	GCA_003057965.1	GCA_003057965.1	Bacteria	Acidophiles	Bacteria_pH	Thermodesulfobium	Thermodesulfobium acidiphilum	1794699.0	100009
107	GCA_003201675.2	GCA_003201675.2	Archaea	Acidophiles	Archaea_pH	Metallosphaera	Metallosphaera hakonensis	1293036.0	100009
108	GCA_003201765.2	GCA_003201765.2	Archaea	Acidophiles	Archaea_pH	Acidianus	Acidianus sulfidivorans	619593.0	100009
109	GCA_003201835.2	GCA_003201835.2	Archaea	Acidophiles	Archaea_pH	Acidianus_B	Acidianus_B brierleyi	41673.0	100009
110	GCA_003226325.1	GCA_003226325.1	Bacteria	Alkaliphiles	Bacteria_pH	Salipaludibacillus	Salipaludibacillus keqinensis	2045207.0	100009
111	GCA_003259835.1	GCA_003259835.1	Bacteria	Alkaliphiles	Bacteria_pH	Flavobacterium	Flavobacterium aquaticum	1236486.0	100013
112	GCA_003317055.1	GCA_003317055.1	Bacteria	Alkaliphiles	Bacteria_pH	Alkalibaculum	Alkalibaculum bacchi	645887.0	100011
113	GCA_003352165.1	GCA_003352165.1	Bacteria	Acidophiles	Bacteria_pH	Acidibrevibacterium	Acidibrevibacterium fodinaquatile	1969806.0	100009
114	GCA_003430825.1	GCA_003430825.1	Archaea	Alkaliphiles	Archaea_pH	Natrarchaeobaculum	Natrarchaeobaculum sulfurireducens	2044521.0	100009
115	GCA_003719725.1	GCA_003719725.1	Bacteria	Alkaliphiles	Bacteria_pH	Planococcus	Planococcus salinus	1848460.0	100011
116	GCA_003731635.1	GCA_003731635.1	Bacteria	Alkaliphiles	Bacteria_pH	Alteromonas	Alteromonas oceani	2071609.0	100014
117	GCA_003841465.1	GCA_003841465.1	Archaea	Alkaliphiles	Archaea_pH	Natrarchaeobius	Natrarchaeobius chitinivorans_A	1679083.0	100012
118	GCA_003841505.1	GCA_003841505.1	Archaea	Alkaliphiles	Archaea_pH	Natrarchaeobius	Natrarchaeobius chitinivorans	1679083.0	100011
119	GCA_003967175.1	GCA_003967175.1	Archaea	Acidophiles	Archaea_pH	Sulfodiicoccus	Sulfodiicoccus acidiphilus	1670455.0	100009
120	GCA_004123295.1	GCA_004123295.1	Bacteria	Acidophiles	Bacteria_pH	Silvibacterium	Silvibacterium dinghuense	1560006.0	100009
121	GCA_004216575.1	GCA_004216575.1	Bacteria	Alkaliphiles	Bacteria_pH	Microcella	Microcella putealis	337005.0	100009
122	GCA_004216855.1	GCA_004216855.1	Bacteria	Alkaliphiles	Bacteria_pH	Microcella	Microcella alkaliphila	279828.0	100011
123	GCA_004346035.1	GCA_004346035.1	Bacteria	Acidophiles	Bacteria_pH	Acidomonas	Acidomonas methanolica	437.0	100012
124	GCA_004366795.1	GCA_004366795.1	Bacteria	Acidophiles	Bacteria_pH	Alicyclobacillus	Alicyclobacillus sacchari	392010.0	100011
125	GCA_004421185.1	GCA_004421185.1	Bacteria	Acidophiles	Bacteria_pH	Methylacidiphilum	Methylacidiphilum sp004421185	1847730.0	100016
126	GCA_004745425.1	GCA_004745425.1	Archaea	Alkaliphiles	Archaea_pH	Methanolobus	Methanolobus sp004745425	2052935.0	100012
127	GCA_007475525.1	GCA_007475525.1	Bacteria	Acidophiles	Bacteria_pH	Methylacidiphilum	Methylacidiphilum kamchatkense	1202785.0	100009
128	GCA_007988865.1	GCA_007988865.1	Bacteria	Alkaliphiles	Bacteria_pH	Alkalibacterium	Alkalibacterium kapii	426704.0	100020
129	GCA_007991715.1	GCA_007991715.1	Bacteria	Acidophiles	Bacteria_pH	Alicyclobacillus	Alicyclobacillus acidoterrestris_A	1450.0	100014
130	GCA_008122205.1	GCA_008122205.1	Archaea	Alkaliphiles	Archaea_pH	Natronococcus	Natronococcus sp008122205	2055836.0	100014
131	GCA_008245225.1	GCA_008245225.1	Archaea	Alkaliphiles	Archaea_pH	Natrarchaeobius	Natrarchaeobius swarupiae	2448032.0	100013
132	GCA_008369445.1	GCA_008369445.1	Bacteria	Alkaliphiles	Bacteria_pH	Aureimonas	Aureimonas fodinaquatilis	2565783.0	100009
133	GCA_009392895.1	GCA_009392895.1	Archaea	Alkaliphiles	Archaea_pH	Natronorubrum	Natronorubrum aibiense	348826.0	100009
134	GCA_009662475.1	GCA_009662475.1	Bacteria	Acidophiles	Bacteria_pH	Acidithiobacillus	Acidithiobacillus thiooxidans	930.0	100009
135	GCA_009729015.1	GCA_009729015.1	Archaea	Acidophiles	Archaea_pH	Acidianus	Acidianus ambivalens	2283.0	100009
136	GCA_009729035.1	GCA_009729035.1	Archaea	Acidophiles	Archaea_pH	Stygiolobus	Stygiolobus azoricus	1313299.0	100009
137	GCA_009729055.1	GCA_009729055.1	Archaea	Acidophiles	Archaea_pH	Sulfurisphaera	Sulfurisphaera ohwakuensis	69656.0	100009
138	GCA_009765685.1	GCA_009765685.1	Bacteria	Acidophiles	Bacteria_pH	LMUY01	LMUY01 sp009765685	1641851.0	100103
139	GCA_009765975.1	GCA_009765975.1	Bacteria	Acidophiles	Bacteria_pH	Rhodopila	Rhodopila sp009765975	1747223.0	100472
140	GCA_009938015.1	GCA_009938015.1	Bacteria	Acidophiles	Bacteria_pH	Sulfuriferula	Sulfuriferula plumbiphila	171865.0	100009
141	GCA_013340765.1	GCA_013340765.1	Archaea	Acidophiles	Archaea_pH	Conexivisphaera	Conexivisphaera calida	1874277.0	100009
142	GCA_013343295.1	GCA_013343295.1	Archaea	Acidophiles	Archaea_pH	Metallosphaera	Metallosphaera tengchongensis	1532350.0	100009
143	GCA_013760845.1	GCA_013760845.1	Bacteria	Alkaliphiles	Bacteria_pH	Anoxybacillus_B	Anoxybacillus_B calidus	575178.0	100011
144	GCA_014196195.1	GCA_014196195.1	Bacteria	Alkaliphiles	Bacteria_pH	Anoxybacillus_A	Anoxybacillus_A rupiensis	1895648.0	100009
145	GCA_014201585.1	GCA_014201585.1	Bacteria	Alkaliphiles	Bacteria_pH	Anoxybacillus	Anoxybacillus tengchongensis	576944.0	100113
146	GCA_014201825.1	GCA_014201825.1	Bacteria	Acidophiles	Bacteria_pH	Acidocella	Acidocella aromatica	1303579.0	100009
147	GCA_014646555.1	GCA_014646555.1	Archaea	Acidophiles	Archaea_pH	Vulcanisaeta	Vulcanisaeta souniana	1293586.0	100011
148	GCA_014647115.1	GCA_014647115.1	Archaea	Acidophiles	Archaea_pH	Halarchaeum	Halarchaeum rubridurum	489911.0	100009
149	GCA_014647155.1	GCA_014647155.1	Archaea	Acidophiles	Archaea_pH	Halarchaeum	Halarchaeum nitratireducens	489913.0	100009
150	GCA_014647455.2	GCA_014647455.2	Archaea	Acidophiles	Archaea_pH	Halarchaeum	Halarchaeum grantii	1193105.0	100012
151	GCA_017298635.1	GCA_017298635.1	Bacteria	Acidophiles	Bacteria_pH	Alicyclobacillus_B	Alicyclobacillus_B ferrooxydans_B	471514.0	100009
152	GCA_017298655.1	GCA_017298655.1	Bacteria	Acidophiles	Bacteria_pH	Alicyclobacillus_B	Alicyclobacillus_B ferrooxydans_A	471514.0	100009
153	GCA_017310505.1	GCA_017310505.1	Bacteria	Acidophiles	Bacteria_pH	Methylacidiphilum	Methylacidiphilum sp004421255	1847729.0	100009
154	GCA_018853935.1	GCA_018853935.1	Bacteria	Acidophiles	Bacteria_pH	Acidithiobacillus	Acidithiobacillus ferrivorans	160808.0	100022
155	GCA_018854495.1	GCA_018854495.1	Bacteria	Acidophiles	Bacteria_pH	Acidithiobacillus	Acidithiobacillus ferrooxidans_C	920.0	100031
156	GCA_018860765.1	GCA_018860765.1	Bacteria	Alkaliphiles	Bacteria_pH	Marinobacter	Marinobacter salexigens_A	1925763.0	100009
157	GCA_018861005.1	GCA_018861005.1	Bacteria	Alkaliphiles	Bacteria_pH	Polaribacter	Polaribacter vadi_A	1774273.0	100219
158	GCA_900079115.1	GCA_900079115.1	Archaea	Acidophiles	Archaea_pH	Saccharolobus	Saccharolobus solfataricus	2287.0	100009
159	GCA_900101165.1	GCA_900101165.1	Bacteria	Alkaliphiles	Bacteria_pH	Alkalibacterium	Alkalibacterium thalassium	426701.0	100014
160	GCA_900104065.1	GCA_900104065.1	Archaea	Alkaliphiles	Archaea_pH	Natronobacterium	Natronobacterium texcoconense	1095778.0	100009
161	GCA_900104215.1	GCA_900104215.1	Bacteria	Alkaliphiles	Bacteria_pH	Desulfonatronum	Desulfonatronum thiosulfatophilum	617002.0	100009
162	GCA_900107035.1	GCA_900107035.1	Bacteria	Acidophiles	Bacteria_pH	Alicyclobacillus	Alicyclobacillus hesperidum	89784.0	100012
163	GCA_900108085.1	GCA_900108085.1	Bacteria	Alkaliphiles	Bacteria_pH	Algoriphagus	Algoriphagus boritolerans	1120964.0	100009
164	GCA_900108095.1	GCA_900108095.1	Archaea	Alkaliphiles	Archaea_pH	Natronorubrum	Natronorubrum sediminis	640943.0	100009
165	GCA_900109085.1	GCA_900109085.1	Bacteria	Alkaliphiles	Bacteria_pH	Alkalibacterium	Alkalibacterium gilvum	1130080.0	100327
166	GCA_900109325.1	GCA_900109325.1	Bacteria	Alkaliphiles	Bacteria_pH	Alkalibacterium	Alkalibacterium pelagium	426702.0	100011
167	GCA_900109825.1	GCA_900109825.1	Bacteria	Alkaliphiles	Bacteria_pH	Alkalibacterium	Alkalibacterium putridalgicola	426703.0	100016
168	GCA_900110375.1	GCA_900110375.1	Bacteria	Alkaliphiles	Bacteria_pH	Flavobacterium	Flavobacterium sinopsychrotolerans	604089.0	100009
169	GCA_900111795.1	GCA_900111795.1	Bacteria	Alkaliphiles	Bacteria_pH	Anoxybacillus	Anoxybacillus pushchinoensis	150248.0	100011
170	GCA_900112455.1	GCA_900112455.1	Bacteria	Alkaliphiles	Bacteria_pH	Alkalibacterium	Alkalibacterium subtropicum	753702.0	100009
171	GCA_900113635.1	GCA_900113635.1	Bacteria	Alkaliphiles	Bacteria_pH	Tindallia	Tindallia magadiensis	69895.0	100013
172	GCA_900116805.1	GCA_900116805.1	Bacteria	Acidophiles	Bacteria_pH	Alicyclobacillus_H	Alicyclobacillus_H macrosporangiidus	392015.0	100014
173	GCA_900128885.1	GCA_900128885.1	Bacteria	Alkaliphiles	Bacteria_pH	Alkalibacter	Alkalibacter saccharofermentans	1120975.0	100012
174	GCA_900128965.1	GCA_900128965.1	Bacteria	Acidophiles	Bacteria_pH	Ferrithrix	Ferrithrix thermotolerans	1121881.0	100014
175	GCA_900129115.1	GCA_900129115.1	Bacteria	Acidophiles	Bacteria_pH	Thermoanaerobacter	Thermoanaerobacter uzonensis	1123369.0	100011
176	GCA_900129125.1	GCA_900129125.1	Bacteria	Acidophiles	Bacteria_pH	Acidocella	Acidocella aminolytica	1120923.0	100014
177	GCA_900142255.1	GCA_900142255.1	Bacteria	Acidophiles	Bacteria_pH	Alicyclobacillus_I	Alicyclobacillus_I montanus	1830138.0	100014
178	GCA_900156265.1	GCA_900156265.1	Bacteria	Acidophiles	Bacteria_pH	Acidiphilium	Acidiphilium rubrum	1408418.0	100011
179	GCA_900156755.1	GCA_900156755.1	Bacteria	Acidophiles	Bacteria_pH	Alicyclobacillus	Alicyclobacillus vulcanalis	252246.0	100009
180	GCA_900175965.1	GCA_900175965.1	Bacteria	Alkaliphiles	Bacteria_pH	Rubrobacter	Rubrobacter radiotolerans	42256.0	100009
181	GCA_900176145.1	GCA_900176145.1	Bacteria	Acidophiles	Bacteria_pH	Sulfobacillus	Sulfobacillus thermosulfidooxidans	28034.0	100009
182	GCA_900176435.1	GCA_900176435.1	Archaea	Acidophiles	Archaea_pH	Picrophilus	Picrophilus oshimae	1122961.0	100011
183	GCA_900188065.1	GCA_900188065.1	Archaea	Alkaliphiles	Archaea_pH	Halorubrum	Halorubrum vacuolatum	63740.0	100011
184	GCA_902143385.2	GCA_902143385.2	Bacteria	Acidophiles	Bacteria_pH	Methylacidimicrobium	Methylacidimicrobium cyclopophantes	1041766.0	100016
185	GCA_902712915.1	GCA_902712915.1	Bacteria	Acidophiles	Bacteria_pH	Acidiphilium	Acidiphilium sp002255515	1970291.0	100009
